S.No.,Book Title,Author,Edition,OpenURL
1,Fundamentals of Power Electronics,"Robert W. Erickson, Dragan
Maksimovic","2nd ed.
2001",http://link.springer.com/openurl?genre=book&isbn=978-0-306-48048-5
2,Handbook of the Life Course,"Jeylan T. Mortimer, Michael J.
Shanahan",2003,http://link.springer.com/openurl?genre=book&isbn=978-0-306-48247-2
3,All of Statistics,Larry Wasserman,2004,http://link.springer.com/openurl?genre=book&isbn=978-0-387-21736-9
4,Social Anxiety and Social Phobia in Youth,Christopher Kearney,2005,http://link.springer.com/openurl?genre=book&isbn=978-0-387-22592-0
5,Discrete Mathematics,"László Lovász, József Pelikán, Katalin
Vesztergombi",2003,http://link.springer.com/openurl?genre=book&isbn=978-0-387-21777-2
6,Developmental Neurobiology,"Mahendra S. Rao, Marcus Jacobson","4th ed.
2005",http://link.springer.com/openurl?genre=book&isbn=978-0-387-28117-9
7,Intuitive Probability and Random Processes using MATLAB®,Steven Kay,2006,http://link.springer.com/openurl?genre=book&isbn=978-0-387-24158-6
8,Handbook of Disaster Research,"Havidan Rodriguez, Enrico L.
Quarantelli, Russell Dynes",2006,http://link.springer.com/openurl?genre=book&isbn=978-0-387-32353-4
9,Handbook of the Sociology of Gender,Janet Saltzman Chafetz,1999,http://link.springer.com/openurl?genre=book&isbn=978-0-387-36218-2
10,Handbook of Sociological Theory,Jonathan H. Turner,2001,http://link.springer.com/openurl?genre=book&isbn=978-0-387-36274-8
11,Clinical Neuroanatomy,"John Mendoza, Anne Foundas",2008,http://link.springer.com/openurl?genre=book&isbn=978-0-387-36601-2
12,Acquired Brain Injury,"Jean Elbaum, Deborah Benson",2007,http://link.springer.com/openurl?genre=book&isbn=978-0-387-37575-5
13,Numerical Optimization,"Jorge Nocedal, Stephen Wright","2nd ed.
2006",http://link.springer.com/openurl?genre=book&isbn=978-0-387-40065-5
14,Handbook of Biological Confocal Microscopy,James Pawley,"3rd ed.
2006",http://link.springer.com/openurl?genre=book&isbn=978-0-387-45524-2
15,Ceramic Materials,"C. Barry Carter, M. Grant Norton",2007,http://link.springer.com/openurl?genre=book&isbn=978-0-387-46271-4
16,Principles of Fluorescence Spectroscopy,Joseph R. Lakowicz,"3rd ed.
2006",http://link.springer.com/openurl?genre=book&isbn=978-0-387-46312-4
17,Fundamentals of Biomechanics,Duane Knudson,"2nd ed.
2007",http://link.springer.com/openurl?genre=book&isbn=978-0-387-49312-1
18,Primer on the Rheumatic Diseases,"John H. Klippel, John H. Stone, L eslie
J. Crofford, Patience H. White","13th ed.
2008",http://link.springer.com/openurl?genre=book&isbn=978-0-387-68566-3
19,International Handbook of Historical Archaeology,"Teresita Majewski, David Gaimster",2009,http://link.springer.com/openurl?genre=book&isbn=978-0-387-72071-5
20,Database Marketing,"Robert C. Blattberg, Byung-Do Kim,
Scott A. Neslin",2008,http://link.springer.com/openurl?genre=book&isbn=978-0-387-72579-6
21,Composite Materials,Krishan K. Chawla,"3rd ed.
2012",http://link.springer.com/openurl?genre=book&isbn=978-0-387-74365-3
22,Time Series Analysis,"Jonathan D. Cryer, Kung-Sik Chan","2nd ed.
2008",http://link.springer.com/openurl?genre=book&isbn=978-0-387-75959-3
23,Transmission Electron Microscopy,"David B. Williams, C. Barry Carter","2nd ed.
2009",http://link.springer.com/openurl?genre=book&isbn=978-0-387-76501-3
24,Handbook of Quantitative Criminology,"Alex R. Piquero, David Weisburd","1st ed.
2010",http://link.springer.com/openurl?genre=book&isbn=978-0-387-77650-7
25,Plant Physiological Ecology,"Hans Lambers, F Stuart Chapin III,
Thijs L. Pons","2nd ed.
2008",http://link.springer.com/openurl?genre=book&isbn=978-0-387-78341-3
26,Introductory Statistics with R,Peter Dalgaard,"2nd ed.
2008",http://link.springer.com/openurl?genre=book&isbn=978-0-387-79054-1
27,The Elements of Statistical Learning,"Trevor Hastie, Robert Tibshirani,
Jerome Friedman","2nd ed.
2009",http://link.springer.com/openurl?genre=book&isbn=978-0-387-84858-7
28,"Psychology, Religion, and Spirituality",James M. Nelson,2009,http://link.springer.com/openurl?genre=book&isbn=978-0-387-87573-6
29,Introductory Time Series with R,"Paul S.P. Cowpertwait, Andrew V.
Metcalfe",2009,http://link.springer.com/openurl?genre=book&isbn=978-0-387-88698-5
30,Child Neuropsychology,"Margaret Semrud-Clikeman, Phyllis
Anne Teeter Ellison","2nd ed.
2009",http://link.springer.com/openurl?genre=book&isbn=978-0-387-88963-4
31,A Beginner's Guide to R,"Alain Zuur, Elena N. Ieno, Erik
Meesters",2009,http://link.springer.com/openurl?genre=book&isbn=978-0-387-93837-0
32,Geomorphology of Desert Environments,"Anthony J. Parsons, A. D. Abrahams","2nd ed.
2009",http://link.springer.com/openurl?genre=book&isbn=978-1-4020-5719-9
33,The Joy of Science,Richard A. Lockshin,2007,http://link.springer.com/openurl?genre=book&isbn=978-1-4020-6099-1
34,Fatigue of Structures and Materials,J. Schijve,"2nd ed.
2009",http://link.springer.com/openurl?genre=book&isbn=978-1-4020-6808-9
35,Essential Astrophysics,Kenneth R. Lang,2013,http://link.springer.com/openurl?genre=book&isbn=978-3-642-35963-7
36,Introduction to Evolutionary Computing,"A.E. Eiben, J.E. Smith","2nd ed.
2015",http://link.springer.com/openurl?genre=book&isbn=978-3-662-44874-8
37,Data Analysis,Siegmund Brandt,"4th ed.
2014",http://link.springer.com/openurl?genre=book&isbn=978-3-319-03762-2
38,International Perspectives on Psychotherapy,Stefan G. Hofmann,"1st ed.
2017",http://link.springer.com/openurl?genre=book&isbn=978-3-319-56194-3
39,Electrical Machines,Slobodan N. Vukosavic,2012,http://link.springer.com/openurl?genre=book&isbn=978-1-4614-0400-2
40,Mechanics and Thermodynamics,Wolfgang Demtröder,"1st ed.
2017",http://link.springer.com/openurl?genre=book&isbn=978-3-319-27877-3
41,Applied Behavior Analysis,"Kimberly Maich, Darren Levine,
Carmen Hall","1st ed.
2016",http://link.springer.com/openurl?genre=book&isbn=978-3-319-44794-0
42,"Reading, Writing, and Proving","Ulrich Daepp, Pamela Gorkin","2nd ed.
2011",http://link.springer.com/openurl?genre=book&isbn=978-1-4419-9479-0
43,Linear and Nonlinear Programming,"David G. Luenberger, Yinyu Ye","4th ed.
2016",http://link.springer.com/openurl?genre=book&isbn=978-3-319-18842-3
44,Introduction to Partial Differential Equations,David Borthwick,"1st ed.
2016",http://link.springer.com/openurl?genre=book&isbn=978-3-319-48936-0
45,Energy Storage,Robert Huggins,"2nd ed.
2016",http://link.springer.com/openurl?genre=book&isbn=978-3-319-21239-5
46,Metabolism of Human Diseases,"Eckhard Lammert, Martin Zeeb",2014,http://link.springer.com/openurl?genre=book&isbn=978-3-7091-0715-7
47,Sensory Evaluation of Food,"Harry T. Lawless, Hildegarde
Heymann","2nd ed.
2010",http://link.springer.com/openurl?genre=book&isbn=978-1-4419-6488-5
48,Fundamentals of Robotic Mechanical Systems,Jorge Angeles,"4th ed.
2014",http://link.springer.com/openurl?genre=book&isbn=978-3-319-01851-5
49,Integrative Human Biochemistry,"Andrea T. da Poian, Miguel A. R. B.
Castanho","1st ed.
2015",http://link.springer.com/openurl?genre=book&isbn=978-1-4939-3058-6
50,Philosophy of Science for Scientists,"LBaorgsd-Ganö rPaonv Jho,h Kalnausso Rnith, Christoph","1st ed.
2016",http://link.springer.com/openurl?genre=book&isbn=978-3-319-26551-3
51,Particles and Nuclei,"Scholz, Frank Zetsche, Werner
Rodejohann","7th ed.
2015",http://link.springer.com/openurl?genre=book&isbn=978-3-662-46321-5
52,Data Structures and Algorithms with Python,"Kent D. Lee, Steve Hubbard",2015,http://link.springer.com/openurl?genre=book&isbn=978-3-319-13072-9
53,LGBT-Parent Families,"Abbie E. Goldberg, Katherine R. Allen",2013,http://link.springer.com/openurl?genre=book&isbn=978-1-4614-4556-2
54,Integrated Neuroscience,"Elliott M. Marcus, Stanley Jacobson",2003,http://link.springer.com/openurl?genre=book&isbn=978-1-4615-1077-2
55,Introduction to Partial Differential Equations,Peter J. Olver,2014,http://link.springer.com/openurl?genre=book&isbn=978-3-319-02099-0
56,Microeconomics,Peter Dorman,2014,http://link.springer.com/openurl?genre=book&isbn=978-3-642-37434-0
57,System Dynamics,"Bilash Kanti Bala, Fatimah Mohamed
Arshad, Kusairi Mohd Noh","1st ed.
2017",http://link.springer.com/openurl?genre=book&isbn=978-981-10-2045-2
58,Cosmology for the Curious,"Delia Perlov, Alex Vilenkin","1st ed.
2017",http://link.springer.com/openurl?genre=book&isbn=978-3-319-57040-2
59,Methods of Mathematical Modelling,"Thomas Witelski, Mark Bowen","1st ed.
2015",http://link.springer.com/openurl?genre=book&isbn=978-3-319-23042-9
60,Introduction to Logic Circuits & Logic Design with Verilog,Brock J. LaMeres,"1st ed.
2017",http://link.springer.com/openurl?genre=book&isbn=978-3-319-53883-9
61,Structural Analysis,"O. A. Bauchau, J.I. Craig",2009,http://link.springer.com/openurl?genre=book&isbn=978-90-481-2516-6
62,Engineering Flow and Heat Exchange,Octave Levenspiel,"3rd ed.
2014",http://link.springer.com/openurl?genre=book&isbn=978-1-4899-7454-9
63,Enterprise Risk Management Models,"DNavseidr LM. Oahlsdoanv,i  DTeabshaetanbga Deai,s Ahl iW Jaufari","2nd ed.
2017",http://link.springer.com/openurl?genre=book&isbn=978-3-662-53785-5
64,Reactive Power Control in AC Power Systems,"Aghbolaghi, Nicu Bizon, Frede
Blaabjerg","1st ed.
2017",http://link.springer.com/openurl?genre=book&isbn=978-3-319-51118-4
65,Principles of Microeconomics,Martin Kolmar,"1st ed.
2017",http://link.springer.com/openurl?genre=book&isbn=978-3-319-57589-6
66,Additive Manufacturing Technologies,"Ian Gibson, David W. Rosen, Brent
Stucker",2010,http://link.springer.com/openurl?genre=book&isbn=978-1-4419-1120-9
67,Principles of Physics,"Hafez  A . Radi, John O Rasmussen",2012,http://link.springer.com/openurl?genre=book&isbn=978-3-642-23026-4
68,Fundamentals of Biomechanics,"Nihat Özkaya, Dawn Leger, David
Goldsheyder, Margareta Nordin","4th ed.
2017",http://link.springer.com/openurl?genre=book&isbn=978-3-319-44738-4
69,Irrigation and Drainage Engineering,"Peter Waller, Muluneh Yitayew","1st ed.
2016",http://link.springer.com/openurl?genre=book&isbn=978-3-319-05699-9
70,LaTeX in 24 Hours,Dilip Datta,"1st ed.
2017",http://link.springer.com/openurl?genre=book&isbn=978-3-319-47831-9
71,Psychology of Perception,Simon Grondin,"1st ed.
2016",http://link.springer.com/openurl?genre=book&isbn=978-3-319-31791-5
72,Extragalactic Astronomy and Cosmology,Peter Schneider,"2nd ed.
2015",http://link.springer.com/openurl?genre=book&isbn=978-3-642-54083-7
73,Automata and Computability,Dexter C. Kozen,1997,http://link.springer.com/openurl?genre=book&isbn=978-1-4612-1844-9
74,The Algorithm Design Manual,Steven S Skiena,"2nd ed.
2008",http://link.springer.com/openurl?genre=book&isbn=978-1-84800-070-4
75,Chemical Thermodynamics,Ernö Keszei,2012,http://link.springer.com/openurl?genre=book&isbn=978-3-642-19864-9
76,Computational Physics,Philipp O.J. Scherer,"3rd ed.
2017",http://link.springer.com/openurl?genre=book&isbn=978-3-319-61088-7
77,Introduction to Statistics and Data Analysis,"Christian Heumann, Michael
Schomaker,  Shalabh","1st ed.
2016",http://link.springer.com/openurl?genre=book&isbn=978-3-319-46162-5
78,Grammar for Teachers,Andrea DeCapua,"2nd ed.
2017",http://link.springer.com/openurl?genre=book&isbn=978-3-319-33916-0
79,Time Series Econometrics,Klaus Neusser,"1st ed.
2016",http://link.springer.com/openurl?genre=book&isbn=978-3-319-32862-1
80,Electrochemistry,"Christine Lefrou, Pierre Fabry, Jean-
Claude Poignet",2012,http://link.springer.com/openurl?genre=book&isbn=978-3-642-30250-3
81,Classical Fourier Analysis,Loukas Grafakos,"3rd ed.
2014",http://link.springer.com/openurl?genre=book&isbn=978-1-4939-1194-3
82,Human Chromosomes,"Orlando J. Miller, Eeva Therman","4th ed.
2001",http://link.springer.com/openurl?genre=book&isbn=978-1-4613-0139-4
83,Phylogenomics,Christoph Bleidorn,"1st ed.
2017",http://link.springer.com/openurl?genre=book&isbn=978-3-319-54064-1
84,Quantum Theory for Mathematicians,Brian C. Hall,2013,http://link.springer.com/openurl?genre=book&isbn=978-1-4614-7116-5
85,Evidence-Based Critical Care,Robert C. Hyzy,"1st ed.
2017",http://link.springer.com/openurl?genre=book&isbn=978-3-319-43341-7
86,Clinical Assessment of Child and Adolescent Personality and Behavior,"Paul J. Frick, Christopher T. Barry,
Randy W. Kamphaus","3rd ed.
2010",http://link.springer.com/openurl?genre=book&isbn=978-1-4419-0641-0
87,Design Research in Information Systems,"Alan Hevner, Samir Chatterjee",2010,http://link.springer.com/openurl?genre=book&isbn=978-1-4419-5653-8
88,Intermediate Physics for Medicine and Biology,"Russell K. Hobbie, Bradley J. Roth","5th ed.
2015",http://link.springer.com/openurl?genre=book&isbn=978-3-319-12682-1
89,Principles of Data Mining,"HMaanxn Bur aKmarettrunen, Pekka Kröger,","3rd ed.
2016",http://link.springer.com/openurl?genre=book&isbn=978-1-4471-7307-6
90,Fundamental Astronomy,"Heikki Oja, Markku Poutanen, Karl
Johan Donner","6th ed.
2017",http://link.springer.com/openurl?genre=book&isbn=978-3-662-53045-0
91,Fundamentals of Business Process Management,"Marlon Dumas, Marcello La Rosa, Jan
Mendling, Hajo A. Reijers",2013,http://link.springer.com/openurl?genre=book&isbn=978-3-642-33143-5
92,"Brownian Motion, Martingales, and Stochastic Calculus",Jean-François Le Gall,"1st ed.
2016",http://link.springer.com/openurl?genre=book&isbn=978-3-319-31089-3
93,UML @ Classroom,"Martina Seidl, Marion Scholz,
Christian Huemer, Gerti Kappel",2015,http://link.springer.com/openurl?genre=book&isbn=978-3-319-12742-2
94,Design and Analysis of Experiments,"Angela Dean, Daniel Voss, Danel
Draguljić","2nd ed.
2017",http://link.springer.com/openurl?genre=book&isbn=978-3-319-52250-0
95,Foundations for Designing User-Centered Systems,"Frank E. Ritter, Gordon D. Baxter,
Elizabeth F. Churchill",2014,http://link.springer.com/openurl?genre=book&isbn=978-1-4471-5134-0
96,Handbook of Consumer Finance Research,Jing Jian Xiao,"2nd ed.
2016",http://link.springer.com/openurl?genre=book&isbn=978-3-319-28887-1
97,Principles of Terrestrial Ecosystem Ecology,"F Stuart Chapin III, Pamela A. Matson,
Peter Vitousek","2nd ed.
2012",http://link.springer.com/openurl?genre=book&isbn=978-1-4419-9504-9
98,Applied Multivariate Statistical Analysis,"Wolfgang Karl Härdle, Léopold Simar","4th ed.
2015",http://link.springer.com/openurl?genre=book&isbn=978-3-662-45171-7
99,Strategic International Management,"Dirk Morschett, Hanna Schramm-
Klein, Joachim Zentes","2nd ed.
2010",http://link.springer.com/openurl?genre=book&isbn=978-3-8349-6331-4
100,Computer Vision,Richard Szeliski,2011,http://link.springer.com/openurl?genre=book&isbn=978-1-84882-935-0
101,Engineering Electromagnetics,Nathan Ida,"3rd ed.
2015",http://link.springer.com/openurl?genre=book&isbn=978-3-319-07806-9
102,Data Mining,Charu C. Aggarwal,2015,http://link.springer.com/openurl?genre=book&isbn=978-3-319-14142-8
103,International Trade Theory and Policy,Giancarlo Gandolfo,"2nd ed.
2014",http://link.springer.com/openurl?genre=book&isbn=978-3-642-37314-5
104,Alternative Energy Sources,Efstathios E (Stathis) Michaelides,2012,http://link.springer.com/openurl?genre=book&isbn=978-3-642-20951-2
105,Introduction to Electronic Commerce and Social Commerce,"Efraim Turban, Judy Whiteside, David
King, Jon Outland","4th ed.
2017",http://link.springer.com/openurl?genre=book&isbn=978-3-319-50091-1
106,Computational Geometry,"Mark de Berg, Otfried Cheong, Marc
van Kreveld, Mark Overmars","3rd ed.
2008",http://link.springer.com/openurl?genre=book&isbn=978-3-540-77974-2
107,Elementary Mechanics Using Python,Anders Malthe-Sørenssen,2015,http://link.springer.com/openurl?genre=book&isbn=978-3-319-19596-4
108,Energy Economics,"Peter Zweifel, Aaron Praktiknjo,
Georg Erdmann","1st ed.
2017",http://link.springer.com/openurl?genre=book&isbn=978-3-662-53022-1
109,Biomedical Informatics,"Edward H. Shortliffe, James J. Cimino","4th ed.
2014",http://link.springer.com/openurl?genre=book&isbn=978-1-4471-4474-8
110,"Robotics, Vision and Control",Peter Corke,"2nd ed.
2017",http://link.springer.com/openurl?genre=book&isbn=978-3-319-54413-7
111,Acid-Base Diagrams,"Heike Kahlert, Fritz Scholz",2013,http://link.springer.com/openurl?genre=book&isbn=978-3-642-37902-4
112,Brewing Science: A Multidisciplinary Approach,"Michael Mosher, Kenneth Trantham","1st ed.
2017",http://link.springer.com/openurl?genre=book&isbn=978-3-319-46394-0
113,Learning Landscape Ecology,"Sarah E. Gergel, Monica G. Turner","2nd ed.
2017",http://link.springer.com/openurl?genre=book&isbn=978-1-4939-6374-4
114,Probability,Jim Pitman,1993,http://link.springer.com/openurl?genre=book&isbn=978-1-4612-4374-8
115,Modeling Life,"Alan Garfinkel, Jane Shevtsov, Yina
Guo","1st ed.
2017",http://link.springer.com/openurl?genre=book&isbn=978-3-319-59731-7
116,Introduction to Plasma Physics and Controlled Fusion,"FDriaentmcisa rC Gheronss, Werner Hauger, Jörg","3rd ed.
2016",http://link.springer.com/openurl?genre=book&isbn=978-3-319-22309-4
117,Engineering Mechanics 1,"Schröder, Wolfgang A. Wall, Nimal
Rajapakse","2nd ed.
2013",http://link.springer.com/openurl?genre=book&isbn=978-3-642-30319-7
118,Business Statistics for Competitive Advantage with Excel 2016,Cynthia Fraser,"1st ed.
2016",http://link.springer.com/openurl?genre=book&isbn=978-3-319-32185-1
119,Principles of Polymer Chemistry,A. Ravve,"3rd ed.
2012",http://link.springer.com/openurl?genre=book&isbn=978-1-4614-2212-9
120,A Primer on Scientific Programming with Python,Hans Petter Langtangen,"5th ed.
2016",http://link.springer.com/openurl?genre=book&isbn=978-3-662-49887-3
121,Climate Change Science: A Modern Synthesis,"G. Thomas Farmer, John Cook",2013,http://link.springer.com/openurl?genre=book&isbn=978-94-007-5757-8
122,Solar PV and Wind Energy Conversion Systems,"S. Sumathi, L. Ashok Kumar, P.
Surekha",2015,http://link.springer.com/openurl?genre=book&isbn=978-3-319-14941-7
123,Statistical Analysis and Data Display,"Richard M. Heiberger, Burt Holland","2nd ed.
2015",http://link.springer.com/openurl?genre=book&isbn=978-1-4939-2122-5
124,Business Process Management Cases,"Jan vom Brocke, Jan Mendling","1st ed.
2018",http://link.springer.com/openurl?genre=book&isbn=978-3-319-58307-5
125,Elementary Analysis,Kenneth A. Ross,"2nd ed.
2013",http://link.springer.com/openurl?genre=book&isbn=978-1-4614-6271-2
126,Cryptography Made Simple,Nigel Smart,"1st ed.
2016",http://link.springer.com/openurl?genre=book&isbn=978-3-319-21936-3
127,Fluid Dynamics,Michel Rieutord,2015,http://link.springer.com/openurl?genre=book&isbn=978-3-319-09351-2
128,Social Media Management,Amy Van Looy,"1st ed.
2016",http://link.springer.com/openurl?genre=book&isbn=978-3-319-21990-5
129,Statistics in Criminal Justice,"David Weisburd, Chester Britt","4th ed.
2014",http://link.springer.com/openurl?genre=book&isbn=978-1-4614-9170-5
130,Supply Chain Management and Advanced Planning,"Hartmut Stadtler, Christoph Kilger,
Herbert Meyr","5th ed.
2015",http://link.springer.com/openurl?genre=book&isbn=978-3-642-55309-7
131,Probability Theory,Alexandr A. Borovkov,2013,http://link.springer.com/openurl?genre=book&isbn=978-1-4471-5201-9
132,Statistics and Data Analysis for Financial Engineering,"David Ruppert, David S. Matteson","2nd ed.
2015",http://link.springer.com/openurl?genre=book&isbn=978-1-4939-2614-5
133,Readings in Formal Epistemology,"Horacio Arló-Costa, Vincent F.
Hendricks, Johan van Benthem","1st ed.
2016",http://link.springer.com/openurl?genre=book&isbn=978-3-319-20451-2
134,Differential Equations and Their Applications,Martin Braun,"4th ed.
1993",http://link.springer.com/openurl?genre=book&isbn=978-1-4612-4360-1
135,Nanotechnology: Principles and Practices,Sulabha K. Kulkarni,"3rd ed.
2015",http://link.springer.com/openurl?genre=book&isbn=978-3-319-09171-6
136,Epidemiological Research: Terms and Concepts,O. S. Miettinen,2011,http://link.springer.com/openurl?genre=book&isbn=978-94-007-1171-6
137,Multinational Management,Rien Segers,"1st ed.
2016",http://link.springer.com/openurl?genre=book&isbn=978-3-319-23012-2
138,Partial Differential Equations,Jürgen Jost,"3rd ed.
2013",http://link.springer.com/openurl?genre=book&isbn=978-1-4614-4809-9
139,Bayesian and Frequentist Regression Methods,Jon Wakefield,2013,http://link.springer.com/openurl?genre=book&isbn=978-1-4419-0925-1
140,Strategic International Management,"Dirk Morschett, Hanna Schramm-
Klein, Joachim Zentes","3rd ed.
2015",http://link.springer.com/openurl?genre=book&isbn=978-3-658-07884-3
141,Basic Concepts in Computational Physics,"Benjamin A. Stickler, Ewald
Schachinger","2nd ed.
2016",http://link.springer.com/openurl?genre=book&isbn=978-3-319-27265-8
142,Eye Tracking Methodology,Andrew T. Duchowski,"3rd ed.
2017",http://link.springer.com/openurl?genre=book&isbn=978-3-319-57883-5
143,Writing for Publication,"Mary Renck Jalongo, Olivia N. Saracho","1st ed.
2016",http://link.springer.com/openurl?genre=book&isbn=978-3-319-31650-5
144,Mathematical Physics,Sadri Hassani,"2nd ed.
2013",http://link.springer.com/openurl?genre=book&isbn=978-3-319-01195-0
145,Correctional Counseling and Treatment,Peter C. Kratcoski,"6th ed.
2017",http://link.springer.com/openurl?genre=book&isbn=978-3-319-54349-9
146,Thermodynamics and Energy Conversion,Henning Struchtrup,2014,http://link.springer.com/openurl?genre=book&isbn=978-3-662-43715-5
147,The Action Research Planner,"Stephen Kemmis, Robin McTaggart,
Rhonda Nixon",2014,http://link.springer.com/openurl?genre=book&isbn=978-981-4560-67-2
148,Stochastic Processes and Calculus,Uwe Hassler,"1st ed.
2016",http://link.springer.com/openurl?genre=book&isbn=978-3-319-23428-1
149,Statistical Analysis of Clinical Data on a Pocket Calculator,"Ton J. Cleophas, Aeilko H.
Zwinderman",2011,http://link.springer.com/openurl?genre=book&isbn=978-94-007-1211-9
150,Clinical Data Analysis on a Pocket Calculator,"Ton J. Cleophas, Aeilko H.
Zwinderman","2nd ed.
2016",http://link.springer.com/openurl?genre=book&isbn=978-3-319-27104-0
151,The Data Science Design Manual,Steven S. Skiena,"1st ed.
2017",http://link.springer.com/openurl?genre=book&isbn=978-3-319-55444-0
152,An Introduction to Machine Learning,Miroslav Kubat,"2nd ed.
2017",http://link.springer.com/openurl?genre=book&isbn=978-3-319-63913-0
153,Guide to Discrete Mathematics,Gerard O'Regan,"1st ed.
2016",http://link.springer.com/openurl?genre=book&isbn=978-3-319-44561-8
154,Petroleum Geoscience,Knut Bjørlykke,"2nd ed.
2015",http://link.springer.com/openurl?genre=book&isbn=978-3-642-34132-8
155,Structure Determination by X-ray Crystallography,"Mark Ladd, Rex Palmer","5th ed.
2013",http://link.springer.com/openurl?genre=book&isbn=978-1-4614-3954-7
156,Introduction to Time Series and Forecasting,"Peter J. Brockwell, Richard A. Davis","3rd ed.
2016",http://link.springer.com/openurl?genre=book&isbn=978-3-319-29854-2
157,Principles of Mobile Communication,Gordon L. Stüber,"4th ed.
2017",http://link.springer.com/openurl?genre=book&isbn=978-3-319-55615-4
158,Cardiovascular Biomechanics,"Peter R. Hoskins, Patricia V. Lawford,
Barry J. Doyle","1st ed.
2017",http://link.springer.com/openurl?genre=book&isbn=978-3-319-46407-7
159,Introduction to Smooth Manifolds,John Lee,"2nd ed.
2013",http://link.springer.com/openurl?genre=book&isbn=978-1-4419-9982-5
160,Taxation in European Union,"DPioentrnoa B Lo. rGiaruol, Noriyuki Koibuchi,","2nd ed.
2017",http://link.springer.com/openurl?genre=book&isbn=978-3-319-53919-5
161,Essentials of Cerebellum and Cerebellar Disorders,"Mario Manto, Marco Molinari, Jeremy
D. Schmahmann, Ying Shen","1st ed.
2016",http://link.springer.com/openurl?genre=book&isbn=978-3-319-24551-5
162,Language Across the Curriculum & CLIL in English as an Additional Lang,Aangege (lE MAL.)Y .C Lointexts,"1st ed.
2016",http://link.springer.com/openurl?genre=book&isbn=978-981-10-1802-2
163,Multivariate Calculus and Geometry,Seán Dineen,"3rd ed.
2014",http://link.springer.com/openurl?genre=book&isbn=978-1-4471-6419-7
164,Statistics and Analysis of Scientific Data,Massimiliano Bonamente,"2nd ed.
2017",http://link.springer.com/openurl?genre=book&isbn=978-1-4939-6572-4
165,Modelling Computing Systems,"Faron Moller, Georg Struth",2013,http://link.springer.com/openurl?genre=book&isbn=978-1-84800-322-4
166,Search Methodologies,"Edmund K. Burke, Graham Kendall","2nd ed.
2014",http://link.springer.com/openurl?genre=book&isbn=978-1-4614-6940-7
167,Representation Theory,"William Fulton, Joe Harris",2004,http://link.springer.com/openurl?genre=book&isbn=978-1-4612-0979-9
168,Linear Algebra Done Right,Sheldon Axler,"3rd ed.
2015",http://link.springer.com/openurl?genre=book&isbn=978-3-319-11080-6
169,Stellar Structure and Evolution,"Rudolf Kippenhahn, Alfred Weigert,
Achim Weiss","2nd ed.
2012",http://link.springer.com/openurl?genre=book&isbn=978-3-642-30304-3
170,Evolutionary Thinking in Medicine,"Alexandra Alvergne, Crispin
Jenkinson, Charlotte Faurie","1st ed.
2016",http://link.springer.com/openurl?genre=book&isbn=978-3-319-29716-3
171,Understanding Cryptography,"Christof Paar, Jan Pelzl",2010,http://link.springer.com/openurl?genre=book&isbn=978-3-642-04101-3
172,Linear Algebra,"Jörg Liesen, Volker Mehrmann","1st ed.
2015",http://link.springer.com/openurl?genre=book&isbn=978-3-319-24346-7
173,Algebra,Serge Lang,"3rd ed.
2002",http://link.springer.com/openurl?genre=book&isbn=978-1-4613-0041-0
174,Understanding Analysis,Stephen Abbott,"2nd ed.
2015",http://link.springer.com/openurl?genre=book&isbn=978-1-4939-2712-8
175,Plate Tectonics,"Wolfgang Frisch, Martin Meschede,
Ronald C. Blakey",2011,http://link.springer.com/openurl?genre=book&isbn=978-3-540-76504-2
176,Linear Programming,Robert J Vanderbei,"4th ed.
2014",http://link.springer.com/openurl?genre=book&isbn=978-1-4614-7630-6
177,The Nature of Scientific Knowledge,Kevin McCain,"1st ed.
2016",http://link.springer.com/openurl?genre=book&isbn=978-3-319-33405-9
178,Leadership Today,"Joan Marques, Satinder Dhiman","1st ed.
2017",http://link.springer.com/openurl?genre=book&isbn=978-3-319-31036-7
179,Physics of Semiconductor Devices,Massimo Rudan,2015,http://link.springer.com/openurl?genre=book&isbn=978-1-4939-1151-6
180,Corporate Social Responsibility,"John O. Okpara, Samuel O. Idowu",2013,http://link.springer.com/openurl?genre=book&isbn=978-3-642-40975-2
181,Ordinary Differential Equations,"EWfrilaliamm T Au.r bAadnk,i nDsa, vMida Krkin Gg,. JDaaev Kidysuo n",2012,http://link.springer.com/openurl?genre=book&isbn=978-1-4614-3618-8
182,Electronic Commerce,"Lee, Ting-Peng Liang, Deborrah C.
Turban","8th ed.
2015",http://link.springer.com/openurl?genre=book&isbn=978-3-319-10091-3
183,Ceramic Materials,"CM. iBgaurerly V Caalcrátercr,e Ml C.a Gserasn, Át nNgoerltao nI.","2nd ed.
2013",http://link.springer.com/openurl?genre=book&isbn=978-1-4614-3523-5
184,Foundations of Analytical Chemistry,"López-Lorente, Ma Ángeles López-
Jiménez","1st ed.
2018",http://link.springer.com/openurl?genre=book&isbn=978-3-319-62872-1
185,Life Cycle Assessment,"Michael Z. Hauschild, Ralph K.
Rosenbaum, Stig Irving Olsen","1st ed.
2018",http://link.springer.com/openurl?genre=book&isbn=978-3-319-56475-3
186,A Clinical Guide to the Treatment of the Human Stress Response,"George S. Everly, Jr., Jeffrey M. Lating","3rd ed.
2013",http://link.springer.com/openurl?genre=book&isbn=978-1-4614-5538-7
187,Computational Physics,Philipp Scherer,"2nd ed.
2013",http://link.springer.com/openurl?genre=book&isbn=978-3-319-00401-3
188,Handbook of LGBT Elders,"Debra A. Harley, Pamela B. Teaster","1st ed.
2016",http://link.springer.com/openurl?genre=book&isbn=978-3-319-03623-6
189,"Handbook of Cardiac Anatomy, Physiology, and Devices",Paul A. Iaizzo,"3rd ed.
2015",http://link.springer.com/openurl?genre=book&isbn=978-3-319-19464-6
190,Quantum Mechanics,Daniel Bes,"3rd ed.
2012",http://link.springer.com/openurl?genre=book&isbn=978-3-642-20556-9
191,Understanding Statistics Using R,"Randall Schumacker, Sara Tomek",2013,http://link.springer.com/openurl?genre=book&isbn=978-1-4614-6227-9
192,Mass Spectrometry,Jürgen H Gross,"3rd ed.
2017",http://link.springer.com/openurl?genre=book&isbn=978-3-319-54398-7
193,Statistical Mechanics for Engineers,Isamu Kusaka,"1st ed.
2015",http://link.springer.com/openurl?genre=book&isbn=978-3-319-15018-5
194,The Gastrointestinal System,Po Sing Leung,2014,http://link.springer.com/openurl?genre=book&isbn=978-94-017-8771-0
195,Additive Manufacturing Technologies,"Ian Gibson, David Rosen, Brent
Stucker","2nd ed.
2015",http://link.springer.com/openurl?genre=book&isbn=978-1-4939-2113-3
196,Magnetic Interactions in Molecules and Solids,"Coen de Graaf, Ria Broer","1st ed.
2016",http://link.springer.com/openurl?genre=book&isbn=978-3-319-22951-5
197,Electricity and Magnetism,Teruo Matsushita,2014,http://link.springer.com/openurl?genre=book&isbn=978-4-431-54526-2
198,Survival Analysis,"David G. Kleinbaum, Mitchel Klein","3rd ed.
2012",http://link.springer.com/openurl?genre=book&isbn=978-1-4419-6646-9
199,Foundations of Quantum Mechanics,Travis Norsen,"1st ed.
2017",http://link.springer.com/openurl?genre=book&isbn=978-3-319-65867-4
200,An Introduction to Statistical Learning,"Gareth James, Daniela Witten, Trevor
Hastie, Robert Tibshirani",2013,http://link.springer.com/openurl?genre=book&isbn=978-1-4614-7138-7
201,Introduction to Mathematica® for Physicists,Andrey Grozin,2014,http://link.springer.com/openurl?genre=book&isbn=978-3-319-00894-3
202,Statistical Learning from a Regression Perspective,Richard A. Berk,"2nd ed.
2016",http://link.springer.com/openurl?genre=book&isbn=978-3-319-44048-4
203,Applied Partial Differential Equations,J. David Logan,"3rd ed.
2015",http://link.springer.com/openurl?genre=book&isbn=978-3-319-12493-3
204,Principles of Astrophysics,Charles Keeton,2014,http://link.springer.com/openurl?genre=book&isbn=978-1-4614-9236-8
205,Air Pollution and Greenhouse Gases,"ZDhieotnrigcchh Baroa Tuann, Harald Cherdron,",2014,http://link.springer.com/openurl?genre=book&isbn=978-981-287-212-8
206,Polymer Synthesis: Theory and Practice,"Matthias Rehahn, Helmut Ritter,
Brigitte Voit","5th ed.
2013",http://link.springer.com/openurl?genre=book&isbn=978-3-642-28980-4
207,Sustainable Supply Chains,"Yann Bouchery, Charles J. Corbett, Jan
C. Fransoo, Tarkan Tan","1st ed.
2017",http://link.springer.com/openurl?genre=book&isbn=978-3-319-29791-0
208,Robotics,"Bruno Siciliano, Lorenzo Sciavicco,
Luigi Villani, Giuseppe Oriolo",2009,http://link.springer.com/openurl?genre=book&isbn=978-1-84628-642-1
209,Econometrics,Badi H. Baltagi,"5th ed.
2011",http://link.springer.com/openurl?genre=book&isbn=978-3-642-20059-5
210,The Sea Floor,"Eugen Seibold, Wolfgang Berger","4th ed.
2017",http://link.springer.com/openurl?genre=book&isbn=978-3-319-51412-3
211,SPSS for Starters and 2nd Levelers,"Ton J. Cleophas, Aeilko H.
Zwinderman","2nd ed.
2016",http://link.springer.com/openurl?genre=book&isbn=978-3-319-20600-4
212,Regression Modeling Strategies,"Frank E. Harrell , Jr.","2nd ed.
2015",http://link.springer.com/openurl?genre=book&isbn=978-3-319-19425-7
213,Legal Dynamics of EU External Relations,Henri de Waele,"2nd ed.
2017",http://link.springer.com/openurl?genre=book&isbn=978-3-662-54817-2
214,Food Analysis Laboratory Manual,S. Suzanne Nielsen,"3rd ed.
2017",http://link.springer.com/openurl?genre=book&isbn=978-3-319-44127-6
215,Principles of Musical Acoustics,William M. Hartmann,2013,http://link.springer.com/openurl?genre=book&isbn=978-1-4614-6786-1
216,Fundamentals of Structural Engineering,"Jerome J. Connor, Susan Faraji","2nd ed.
2016",http://link.springer.com/openurl?genre=book&isbn=978-3-319-24331-3
217,Basics of Laser Physics,Karl F. Renk,"2nd ed.
2017",http://link.springer.com/openurl?genre=book&isbn=978-3-319-50651-7
218,Applied Quantitative Finance,"Wolfgang Karl Härdle, Cathy Yi-Hsuan
Chen, Ludger Overbeck","3rd ed.
2017",http://link.springer.com/openurl?genre=book&isbn=978-3-662-54486-0
219,Handbook of Marriage and the Family,"Gary W. Peterson, Kevin R. Bush","3rd ed.
2013",http://link.springer.com/openurl?genre=book&isbn=978-1-4614-3987-5
220,Solid-State Physics,"Harald Ibach, Hans Lüth","4th ed.
2009",http://link.springer.com/openurl?genre=book&isbn=978-3-540-93804-0
221,Electrochemical Impedance Spectroscopy and its Applications,Andrzej Lasia,2014,http://link.springer.com/openurl?genre=book&isbn=978-1-4614-8933-7
222,Economics as Applied Ethics,Wilfred Beckerman,"2nd ed.
2017",http://link.springer.com/openurl?genre=book&isbn=978-3-319-50319-6
223,Electronics for Embedded Systems,Ahmet Bindal,"1st ed.
2017",http://link.springer.com/openurl?genre=book&isbn=978-3-319-39439-8
224,Concise Guide to Software Engineering,Gerard O'Regan,"1st ed.
2017",http://link.springer.com/openurl?genre=book&isbn=978-3-319-57750-0
225,Fundamentals of Multimedia,"Ze-Nian Li, Mark S. Drew, Jiangchuan
Liu","2nd ed.
2014",http://link.springer.com/openurl?genre=book&isbn=978-3-319-05290-8
226,Logistics,"Harald Gleissner, J. Christian
Femerling",2013,http://link.springer.com/openurl?genre=book&isbn=978-3-319-01769-3
227,Group Theory Applied to Chemistry,Arnout Jozef Ceulemans,2013,http://link.springer.com/openurl?genre=book&isbn=978-94-007-6863-5
228,The Psychology of Social Status,"Joey T. Cheng, Jessica L. Tracy,
Cameron Anderson",2014,http://link.springer.com/openurl?genre=book&isbn=978-1-4939-0867-7
229,A Modern Introduction to Probability and Statistics,"F.M. Dekking, C. Kraaikamp, H.P.
Lopuhaä, L.E. Meester",2005,http://link.springer.com/openurl?genre=book&isbn=978-1-84628-168-6
230,Complex Analysis,"Joseph Bak, Donald J. Newman","3rd ed.
2010",http://link.springer.com/openurl?genre=book&isbn=978-1-4419-7288-0
231,Food Chemistry,"H.-D. Belitz, Werner Grosch, Peter
Schieberle","4th ed.
2009",http://link.springer.com/openurl?genre=book&isbn=978-3-540-69934-7
232,Exam Survival Guide: Physical Chemistry,Jochen Vogt,"1st ed.
2017",http://link.springer.com/openurl?genre=book&isbn=978-3-319-49810-2
233,The Python Workbook,Ben Stephenson,2014,http://link.springer.com/openurl?genre=book&isbn=978-3-319-14240-1
234,Practical Electrical Engineering,"Sergey N. Makarov, Reinhold Ludwig,
Stephen J. Bitar","1st ed.
2016",http://link.springer.com/openurl?genre=book&isbn=978-3-319-21173-2
235,Strategic Retail Management,"Joachim Zentes, Dirk Morschett,
Hanna Schramm-Klein","3rd ed.
2017",http://link.springer.com/openurl?genre=book&isbn=978-3-658-10183-1
236,Food Analysis,S. Suzanne Nielsen,"5th ed.
2017",http://link.springer.com/openurl?genre=book&isbn=978-3-319-45776-5
237,Psychoeducational Assessment and Report Writing,Stefan C. Dombrowski,2015,http://link.springer.com/openurl?genre=book&isbn=978-1-4939-1911-6
238,Machine Learning in Medicine - a Complete Overview,"Ton J. Cleophas, Aeilko H.
Zwinderman",2015,http://link.springer.com/openurl?genre=book&isbn=978-3-319-15195-3
239,Evidence-Based Interventions for Children with Challenging Behavior,"Ogg, Ashley N. Sundman-Wheat,
Audra St. John Walsh",2014,http://link.springer.com/openurl?genre=book&isbn=978-1-4614-7807-2
240,Principles of Quantum Mechanics,R. Shankar,"2nd ed.
1994",http://link.springer.com/openurl?genre=book&isbn=978-1-4757-0576-8
241,Recommender Systems,Charu C. Aggarwal,"1st ed.
2016",http://link.springer.com/openurl?genre=book&isbn=978-3-319-29659-3
242,Pharmaceutical Biotechnology,"Daan J. A. Crommelin, Robert D.
Sindelar, Bernd Meibohm","4th ed.
2013",http://link.springer.com/openurl?genre=book&isbn=978-1-4614-6486-0
243,Python Programming Fundamentals,Kent D. Lee,"2nd ed.
2014",http://link.springer.com/openurl?genre=book&isbn=978-1-4471-6642-9
244,The Finite Element Method and Applications in Engineering Using ANS,"SE®rdogan Madenci, Ibrahim Guven","2nd ed.
2015",http://link.springer.com/openurl?genre=book&isbn=978-1-4899-7550-8
245,Group Theory,"Mildred S. Dresselhaus, Gene
Dresselhaus, Ado Jorio",2008,http://link.springer.com/openurl?genre=book&isbn=978-3-540-32899-5
246,"Object-Oriented Analysis, Design and Implementation","Brahma Dathan, Sarnath Ramnath","2nd ed.
2015",http://link.springer.com/openurl?genre=book&isbn=978-3-319-24280-4
247,Introduction to Embedded Systems,"Manuel Jiménez, Rogelio Palomera,
Isidoro Couvertier",2014,http://link.springer.com/openurl?genre=book&isbn=978-1-4614-3143-5
248,Elementary Mechanics Using Matlab,Anders Malthe-Sørenssen,2015,http://link.springer.com/openurl?genre=book&isbn=978-3-319-19587-2
249,An Introduction to Biomechanics,"Jay D. Humphrey, Sherry L. O’Rourke","2nd ed.
2015",http://link.springer.com/openurl?genre=book&isbn=978-1-4939-2623-7
250,New Introduction to Multiple Time Series Analysis,Helmut Lütkepohl,2005,http://link.springer.com/openurl?genre=book&isbn=978-3-540-27752-1
251,Introduction to Data Science,"Laura Igual, Santi Seguí","1st ed.
2017",http://link.springer.com/openurl?genre=book&isbn=978-3-319-50017-1
252,Calculus With Applications,"Peter D. Lax, Maria Shea Terrell","2nd ed.
2014",http://link.springer.com/openurl?genre=book&isbn=978-1-4614-7946-8
253,An Introduction to Soil Mechanics,Arnold Verruijt,"1st ed.
2018",http://link.springer.com/openurl?genre=book&isbn=978-3-319-61185-3
254,Game Theory,"LHaawnrse Pnectee rMs . Friedman, Curt D.","2nd ed.
2015",http://link.springer.com/openurl?genre=book&isbn=978-3-662-46950-7
255,Fundamentals of Clinical Trials,"Furberg, David L. DeMets, David M.
Reboussin, Christopher B. Granger","5th ed.
2015",http://link.springer.com/openurl?genre=book&isbn=978-3-319-18539-2
256,The Finite Volume Method in Computational Fluid Dynamics,"SF.c oMtto Ru.k aStlleedl,e L, .T Mraacny gLa. nHi,u Mll, .T Dhaormwaish","1st ed.
2016",http://link.springer.com/openurl?genre=book&isbn=978-3-319-16874-6
257,The ASCRS Textbook of Colon and Rectal Surgery,"E. Read, Theodore J. Saclarides,
Anthony J. Senagore, Charles B.","3rd ed.
2016",http://link.springer.com/openurl?genre=book&isbn=978-3-319-25970-3
258,Applied Predictive Modeling,"Max Kuhn, Kjell Johnson",2013,http://link.springer.com/openurl?genre=book&isbn=978-1-4614-6849-3
259,Introduction to Logic Circuits & Logic Design with VHDL,Brock J. LaMeres,"1st ed.
2017",http://link.springer.com/openurl?genre=book&isbn=978-3-319-34195-8
260,Sustainability Science,"Harald Heinrichs, Pim Martens, Gerd
Michelsen, Arnim Wiek","1st ed.
2016",http://link.springer.com/openurl?genre=book&isbn=978-94-017-7242-6
261,Physical Chemistry from a Different Angle,"Georg Job, Regina Rüffler","1st ed.
2016",http://link.springer.com/openurl?genre=book&isbn=978-3-319-15666-8
262,The Physics of Semiconductors,Marius Grundmann,"3rd ed.
2016",http://link.springer.com/openurl?genre=book&isbn=978-3-319-23880-7
263,Energy Harvesting and Energy Efficiency,"Nicu Bizon, Naser Mahdavi
Tabatabaei, Frede Blaabjerg, Erol Kurt","1st ed.
2017",http://link.springer.com/openurl?genre=book&isbn=978-3-319-49875-1
264,Python For ArcGIS,Laura Tateosian,"1st ed.
2015",http://link.springer.com/openurl?genre=book&isbn=978-3-319-18398-5
265,Statics and Mechanics of Structures,"Steen Krenk, Jan Høgsberg",2013,http://link.springer.com/openurl?genre=book&isbn=978-94-007-6113-1
266,Real Analysis,"Miklós Laczkovich, Vera T. Sós","1st ed.
2015",http://link.springer.com/openurl?genre=book&isbn=978-1-4939-2766-1
267,MATLAB for Psychologists,"Mauro Borgo, Alessandro Soranzo,
Massimo Grassi",2012,http://link.springer.com/openurl?genre=book&isbn=978-1-4614-2197-9
268,Physical Asset Management,Nicholas Anthony John Hastings,"2nd ed.
2015",http://link.springer.com/openurl?genre=book&isbn=978-3-319-14777-2
269,Essentials of Food Science,"Vickie A. Vaclavik, Elizabeth W.
Christian","4th ed.
2014",http://link.springer.com/openurl?genre=book&isbn=978-1-4614-9138-5
270,Quantum Mechanics,K.T. Hecht,2000,http://link.springer.com/openurl?genre=book&isbn=978-1-4612-1272-0
271,Probability Theory,Achim Klenke,"2nd ed.
2014",http://link.springer.com/openurl?genre=book&isbn=978-1-4471-5361-0
272,Concise Guide to Databases,"Peter Lake, Paul Crowther",2013,http://link.springer.com/openurl?genre=book&isbn=978-1-4471-5601-7
273,Digital Image Processing,"Wilhelm Burger, Mark J. Burge","2nd ed.
2016",http://link.springer.com/openurl?genre=book&isbn=978-1-4471-6684-9
274,Chemical and Bioprocess Engineering,"Ricardo Simpson, Sudhir K. Sastry",2013,http://link.springer.com/openurl?genre=book&isbn=978-1-4614-9126-2
275,Transmission Electron Microscopy,"David B. Williams, C. Barry Carter",1996,http://link.springer.com/openurl?genre=book&isbn=978-1-4757-2519-3
276,Guide to Computer Network Security,Joseph Migga Kizza,"4th ed.
2017",http://link.springer.com/openurl?genre=book&isbn=978-3-319-55606-2
277,Introduction to Law,"Jaap Hage, Antonia Waltermann,
Bram Akkermans","2nd ed.
2017",http://link.springer.com/openurl?genre=book&isbn=978-3-319-57252-9
278,Advanced Quantum Mechanics,RAINER DICK,"2nd ed.
2016",http://link.springer.com/openurl?genre=book&isbn=978-3-319-25675-7
279,Bayesian Essentials with R,"Jean-Michel Marin, Christian P.
Robert","2nd ed.
2014",http://link.springer.com/openurl?genre=book&isbn=978-1-4614-8687-9
280,"Robotics, Vision and Control",Peter Corke,2011,http://link.springer.com/openurl?genre=book&isbn=978-3-642-20144-8
281,Applied Chemistry,"Oleg Roussak, H. D. Gesser","2nd ed.
2013",http://link.springer.com/openurl?genre=book&isbn=978-1-4614-4262-2
282,Advanced Organic Chemistry,"Francis A. Carey, Richard J. Sundberg","5th ed.
2007",http://link.springer.com/openurl?genre=book&isbn=978-0-387-44899-2
283,Advanced Organic Chemistry,"Francis A. Carey, Richard J. Sundberg","5th ed.
2007",http://link.springer.com/openurl?genre=book&isbn=978-0-387-71481-3
284,International Humanitarian Action,"Hans-Joachim Heintze, Pierre
UThmieblberötrog eVreronesi, Aron Goldhirsch,","1st ed.
2018",http://link.springer.com/openurl?genre=book&isbn=978-3-319-14454-2
285,Breast Cancer,"Paolo Veronesi, Oreste Davide
Gentilini, Maria Cristina Leonardi","1st ed.
2017",http://link.springer.com/openurl?genre=book&isbn=978-3-319-48848-6
286,"Travel Marketing, Tourism Economics and the Airline Product","EMfraarikm A Tnuthrboanny,  CJoamn Oilluetrliand, David","1st ed.
2018",http://link.springer.com/openurl?genre=book&isbn=978-3-319-49849-2
287,Electronic Commerce 2018,"King, Jae Kyu Lee, Ting-Peng Liang,
Deborrah C. Turban","9th ed.
2018",http://link.springer.com/openurl?genre=book&isbn=978-3-319-58715-8
288,Disability and Vocational Rehabilitation in Rural Settings,"Debra A. Harley, Noel A. Ysasi,
Malachy L. Bishop, Allison R. Fleming","1st ed.
2018",http://link.springer.com/openurl?genre=book&isbn=978-3-319-64786-9
289,Teaching Medicine and Medical Ethics Using Popular Culture,"Evie Kendal, Basia Diug","1st ed.
2017",http://link.springer.com/openurl?genre=book&isbn=978-3-319-65451-5
290,Market Research,"Erik Mooi, Marko Sarstedt, Irma Mooi-
JRoesceiph I. Goldstein, Dale E. Newbury,","1st ed.
2018",http://link.springer.com/openurl?genre=book&isbn=978-981-10-5218-7
291,Scanning Electron Microscopy and X-Ray Microanalysis,"Joseph R. Michael, Nicholas W.M.
Ritchie, John Henry J. Scott, David C.","4th ed.
2018",http://link.springer.com/openurl?genre=book&isbn=978-1-4939-6676-9
292,ArcGIS for Environmental and Water Issues,William Bajjali,"1st ed.
2018",http://link.springer.com/openurl?genre=book&isbn=978-3-319-61158-7
293,Physics from Symmetry,Jakob Schwichtenberg,"2nd ed.
2018",http://link.springer.com/openurl?genre=book&isbn=978-3-319-66631-0
294,Communication and Bioethics at the End of Life,"Lori A. Roscoe, David P. Schenck","1st ed.
2017",http://link.springer.com/openurl?genre=book&isbn=978-3-319-70920-8
295,Foundations of Programming Languages,Kent D. Lee,"2nd ed.
2017",http://link.springer.com/openurl?genre=book&isbn=978-3-319-70790-7
296,Problems in Classical Electromagnetism,"Andrea Macchi, Giovanni Moruzzi,
Francesco Pegoraro","1st ed.
2017",http://link.springer.com/openurl?genre=book&isbn=978-3-319-63133-2
297,Polymer Chemistry,"Sebastian Koltzenburg, Michael
Maskos, Oskar Nuyken","1st ed.
2017",http://link.springer.com/openurl?genre=book&isbn=978-3-662-49279-6
298,Probability and Statistics for Computer Science,David Forsyth,"1st ed.
2018",http://link.springer.com/openurl?genre=book&isbn=978-3-319-64410-3
299,Empathetic Space on Screen,Amedeo D'Adamo,"1st ed.
2018",http://link.springer.com/openurl?genre=book&isbn=978-3-319-66772-0
300,Political Social Work,"Shannon R. Lane, Suzanne Pritzker","1st ed.
2018",http://link.springer.com/openurl?genre=book&isbn=978-3-319-68588-5
301,Introductory Quantum Mechanics,Paul R. Berman,"1st ed.
2018",http://link.springer.com/openurl?genre=book&isbn=978-3-319-68598-4
302,Guide to Competitive Programming,Antti Laaksonen,"1st ed.
2017",http://link.springer.com/openurl?genre=book&isbn=978-3-319-72547-5
303,Introduction to Artificial Intelligence,Wolfgang Ertel,"2nd ed.
2017",http://link.springer.com/openurl?genre=book&isbn=978-3-319-58487-4
304,Bioinformatics for Evolutionary Biologists,"Bernhard Haubold, Angelika Börsch-
Haubold","1st ed.
2017",http://link.springer.com/openurl?genre=book&isbn=978-3-319-67395-0
305,"Concepts, Methods and Practical Applications in Applied Demography",Richard K. Thomas,"1st ed.
2018",http://link.springer.com/openurl?genre=book&isbn=978-3-319-65439-3
306,Introduction to Deep Learning,Sandro Skansi,"1st ed.
2018",http://link.springer.com/openurl?genre=book&isbn=978-3-319-73004-2
307,Energy and the Wealth of Nations,"Charles A.S. Hall, Kent Klitgaard","2nd ed.
2018",http://link.springer.com/openurl?genre=book&isbn=978-3-319-66219-0
308,"A Beginner's Guide to Scala, Object Orientation and Functional Progra",mJoihnng Hunt,"2nd ed.
2018",http://link.springer.com/openurl?genre=book&isbn=978-3-319-75771-1
309,Lessons on Synthetic Bioarchitectures,"Eva-Kathrin Ehmoser-Sinner, Cherng-
Wen Darren Tan","1st ed.
2018",http://link.springer.com/openurl?genre=book&isbn=978-3-319-73123-0
310,Managing Sustainable Business,"DGielbtemrta rG G. Lroesnss,s Wene, rNn.e Cr rHaaigu gSmeri,t Jhörg","1st ed.
2019",http://link.springer.com/openurl?genre=book&isbn=978-94-024-1144-7
311,Engineering Mechanics 2,"Schröder, Wolfgang A. Wall, Javier
Bonet","2nd ed.
2018",http://link.springer.com/openurl?genre=book&isbn=978-3-662-56272-7
312,Fundamentals of Business Process Management,"Marlon Dumas, Marcello La Rosa, Jan
Mendling, Hajo A. Reijers","2nd ed.
2018",http://link.springer.com/openurl?genre=book&isbn=978-3-662-56509-4
313,Clinical Methods in Medical Family Therapy,"Tai Mendenhall, Angela Lamson,
Jennifer Hodgson, Macaran Baird","1st ed.
2018",http://link.springer.com/openurl?genre=book&isbn=978-3-319-68834-3
314,Guide to Scientific Computing in C++,"Joe Pitt-Francis, Jonathan Whiteley","2nd ed.
2017",http://link.springer.com/openurl?genre=book&isbn=978-3-319-73132-2
315,Motivation and Action,"Jutta Heckhausen, Heinz Heckhausen","3rd ed.
2018",http://link.springer.com/openurl?genre=book&isbn=978-3-319-65094-4
316,Perspectives on Elderly Crime and Victimization,"Peter C. Kratcoski, Maximilian
Edelbacher","1st ed.
2018",http://link.springer.com/openurl?genre=book&isbn=978-3-319-72682-3
317,Knowledge Management,"Klaus North, Gita Kumta","2nd ed.
2018",http://link.springer.com/openurl?genre=book&isbn=978-3-319-59978-6
318,An Introduction to Zooarchaeology,Diane Gifford-Gonzalez,"1st ed.
2018",http://link.springer.com/openurl?genre=book&isbn=978-3-319-65682-3
319,Abstract Algebra,Gregory T. Lee,"1st ed.
2018",http://link.springer.com/openurl?genre=book&isbn=978-3-319-77649-1
320,Criminal Justice and Mental Health,"Jada Hector, David Khey","1st ed.
2018",http://link.springer.com/openurl?genre=book&isbn=978-3-319-76442-9
321,Philosophy of Race,Naomi Zack,"1st ed.
2018",http://link.springer.com/openurl?genre=book&isbn=978-3-319-78729-9
322,"Of Cigarettes, High Heels, and Other Interesting Things",Marcel Danesi,"3rd ed.
2018",http://link.springer.com/openurl?genre=book&isbn=978-1-349-95348-6
323,Applied Bioinformatics,"Paul M. Selzer, Richard J. Marhöfer,
Oliver Koch","2nd ed.
2018",http://link.springer.com/openurl?genre=book&isbn=978-3-319-68301-0
324,Linear Algebra and Analytic Geometry for Physical Sciences,"Giovanni Landi, Alessandro Zampini","1st ed.
2018",http://link.springer.com/openurl?genre=book&isbn=978-3-319-78361-1
325,Building Energy Modeling with OpenStudio,"Larry Brackney, Andrew Parker,
Daniel Macumber, Kyle Benne","1st ed.
2018",http://link.springer.com/openurl?genre=book&isbn=978-3-319-77809-9
326,Customer Relationship Management,"V. Kumar, Werner Reinartz","3rd ed.
2018",http://link.springer.com/openurl?genre=book&isbn=978-3-662-55381-7
327,The A-Z of the PhD Trajectory,Eva O. L. Lantsoght,"1st ed.
2018",http://link.springer.com/openurl?genre=book&isbn=978-3-319-77425-1
328,Strategic Human Resource Management and Employment Relations,Ashish Malik,"1st ed.
2018",http://link.springer.com/openurl?genre=book&isbn=978-981-13-0399-9
329,Applied Linear Algebra,"Peter J. Olver, Chehrzad Shakiban","2nd ed.
2018",http://link.springer.com/openurl?genre=book&isbn=978-3-319-91041-3
330,Witnessing Torture,"Alexandra S. Moore, Elizabeth
Swanson","1st ed.
2018",http://link.springer.com/openurl?genre=book&isbn=978-3-319-74965-5
331,Proofs from THE BOOK,"Martin Aigner, Günter M. Ziegler","6th ed.
2018",http://link.springer.com/openurl?genre=book&isbn=978-3-662-57265-8
332,Introduction to General Relativity,Cosimo Bambi,"1st ed.
2018",http://link.springer.com/openurl?genre=book&isbn=978-981-13-1090-4
333,Introduction to Particle and Astroparticle Physics,"Alessandro De Angelis, Mário Pimenta","2nd ed.
2018",http://link.springer.com/openurl?genre=book&isbn=978-3-319-78181-5
334,Fundamentals of Java Programming,Mitsunori Ogihara,"1st ed.
2018",http://link.springer.com/openurl?genre=book&isbn=978-3-319-89491-1
335,Optimization of Process Flowsheets through Metaheuristic Techniques,"José María Ponce-Ortega, Luis
GMeartmjaážn M Hiheernljá, nTdadeze-jP Béarjedz, Aleš Ude,","1st ed.
2019",http://link.springer.com/openurl?genre=book&isbn=978-3-319-91722-1
336,Robotics,"Jadran Lenarčič, Aleš Stanovnik,
Marko Munih, Jure Rejc, Sebastjan","2nd ed.
2019",http://link.springer.com/openurl?genre=book&isbn=978-3-319-72911-4
337,Business Ethics - A Philosophical and Behavioral Approach,Christian A. Conrad,"1st ed.
2018",http://link.springer.com/openurl?genre=book&isbn=978-3-319-91575-3
338,A First Introduction to Quantum Physics,Pieter Kok,"1st ed.
2018",http://link.springer.com/openurl?genre=book&isbn=978-3-319-92207-2
339,Argumentation Theory: A Pragma-Dialectical Perspective,Frans H. van Eemeren,"1st ed.
2018",http://link.springer.com/openurl?genre=book&isbn=978-3-319-95381-6
340,Logical Foundations of Cyber-Physical Systems,André Platzer,"1st ed.
2018",http://link.springer.com/openurl?genre=book&isbn=978-3-319-63588-0
341,Off-Grid Electrical Systems in Developing Countries,Henry Louie,"1st ed.
2018",http://link.springer.com/openurl?genre=book&isbn=978-3-319-91890-7
342,Entertainment Science,"Thorsten Hennig-Thurau, Mark B.
Houston","1st ed.
2019",http://link.springer.com/openurl?genre=book&isbn=978-3-319-89292-4
343,Physics of Oscillations and Waves,Arnt Inge Vistnes,"1st ed.
2018",http://link.springer.com/openurl?genre=book&isbn=978-3-319-72314-3
344,Introduction to Programming with Fortran,"Ian Chivers, Jane Sleightholme","4th ed.
2018",http://link.springer.com/openurl?genre=book&isbn=978-3-319-75502-1
345,Fundamentals of Solid State Engineering,Manijeh Razeghi,"4th ed.
2019",http://link.springer.com/openurl?genre=book&isbn=978-3-319-75708-7
346,Introduction to Digital Systems Design,"Giuliano Donzellini, Luca Oneto,
Domenico Ponta, Davide Anguita","1st ed.
2019",http://link.springer.com/openurl?genre=book&isbn=978-3-319-92804-3
347,Neural Networks and Deep Learning,Charu C. Aggarwal,"1st ed.
2018",http://link.springer.com/openurl?genre=book&isbn=978-3-319-94463-0
348,Data Science and Predictive Analytics,Ivo D. Dinov,"1st ed.
2018",http://link.springer.com/openurl?genre=book&isbn=978-3-319-72347-1
349,Systems Programming in Unix/Linux,K.C. Wang,"1st ed.
2018",http://link.springer.com/openurl?genre=book&isbn=978-3-319-92429-8
350,Analytical Corporate Finance,Angelo Corelli,"2nd ed.
2018",http://link.springer.com/openurl?genre=book&isbn=978-3-319-95762-3
351,Fraud and Corruption,"Peter C. Kratcoski, Maximilian
Edelbacher","1st ed.
2018",http://link.springer.com/openurl?genre=book&isbn=978-3-319-92333-8
352,Conferencing and Presentation English for Young Academics,Michael Guest,"1st ed.
2018",http://link.springer.com/openurl?genre=book&isbn=978-981-13-2475-8
353,A Concise Guide to Market Research,"Marko Sarstedt, Erik Mooi","3rd ed.
2019",http://link.springer.com/openurl?genre=book&isbn=978-3-662-56707-4
354,Global Supply Chain and Operations Management,"Dmitry Ivanov, Alexander
Tsipoulanidis, Jörn Schönberger","2nd ed.
2019",http://link.springer.com/openurl?genre=book&isbn=978-3-319-94313-8
355,Introduction to Parallel Computing,"Roman Trobec, Boštjan Slivnik,
Patricio Bulić, Borut Robič","1st ed.
2018",http://link.springer.com/openurl?genre=book&isbn=978-3-319-98833-7
356,Mathematical Logic,Roman Kossak,"1st ed.
2018",http://link.springer.com/openurl?genre=book&isbn=978-3-319-97298-5
357,Stability and Control of Linear Systems,Andrea Bacciotti,"1st ed.
2019",http://link.springer.com/openurl?genre=book&isbn=978-3-030-02405-5
358,Introduction to Formal Philosophy,"Sven Ove Hansson, Vincent F.
Hendricks","1st ed.
2018",http://link.springer.com/openurl?genre=book&isbn=978-3-319-77434-3
359,Analysis for Computer Scientists,"Michael Oberguggenberger,
Alexander Ostermann","2nd ed.
2018",http://link.springer.com/openurl?genre=book&isbn=978-3-319-91155-7
360,International Business Management,"Kamal Fatehi, Jeongho Choi","2nd ed.
2019",http://link.springer.com/openurl?genre=book&isbn=978-3-319-96622-9
361,Research Methods for the Digital Humanities,"lewis levenberg, Tai Neilson, David
Rheams","1st ed.
2018",http://link.springer.com/openurl?genre=book&isbn=978-3-319-96713-4
362,Introductory Computer Forensics,Xiaodong Lin,"1st ed.
2018",http://link.springer.com/openurl?genre=book&isbn=978-3-030-00581-8
363,Control Engineering,"László Keviczky, Ruth Bars, Jenő
Hetthéssy, Csilla Bányász","1st ed.
2019",http://link.springer.com/openurl?genre=book&isbn=978-981-10-8297-9
364,Control Engineering: MATLAB Exercises,"László Keviczky, Ruth Bars, Jenő
Hetthéssy, Csilla Bányász","1st ed.
2019",http://link.springer.com/openurl?genre=book&isbn=978-981-10-8321-1
365,"ENZYMES: Catalysis, Kinetics and Mechanisms",N.S. Punekar,"1st ed.
2018",http://link.springer.com/openurl?genre=book&isbn=978-981-13-0785-0
366,Automatic Control with Experiments,"Victor Manuel Hernández-Guzmán,
Ramón Silva-Ortigoza","1st ed.
2019",http://link.springer.com/openurl?genre=book&isbn=978-3-319-75804-6
367,Internet of Things From Hype to Reality,"Ammar Rayes, Samer Salam","2nd ed.
2019",http://link.springer.com/openurl?genre=book&isbn=978-3-319-99516-8
368,Quantitative Methods for the Social Sciences,Daniel Stockemer,"1st ed.
2019",http://link.springer.com/openurl?genre=book&isbn=978-3-319-99118-4
369,A Pythagorean Introduction to Number Theory,Ramin Takloo-Bighash,"1st ed.
2018",http://link.springer.com/openurl?genre=book&isbn=978-3-030-02604-2
370,Philosophical and Mathematical Logic,Harrie de Swart,"1st ed.
2018",http://link.springer.com/openurl?genre=book&isbn=978-3-030-03255-5
371,Structural Dynamics,"Mario Paz, Young Hoon Kim","6th ed.
2019",http://link.springer.com/openurl?genre=book&isbn=978-3-319-94743-3
372,"Plant Physiology, Development and Metabolism","Satish C Bhatla, Manju A. Lal","1st ed.
2018",http://link.springer.com/openurl?genre=book&isbn=978-981-13-2023-1
373,Quantum Mechanics for Pedestrians 1,Jochen Pade,"2nd ed.
2018",http://link.springer.com/openurl?genre=book&isbn=978-3-030-00464-4
374,Plant Anatomy,"Richard Crang, Sheila Lyons-Sobaski,
Robert Wise","1st ed.
2018",http://link.springer.com/openurl?genre=book&isbn=978-3-319-77315-5
375,Quantum Mechanics for Pedestrians 2,Jochen Pade,"2nd ed.
2018",http://link.springer.com/openurl?genre=book&isbn=978-3-030-00467-5
376,Excel Data Analysis,Hector Guerrero,"2nd ed.
2019",http://link.springer.com/openurl?genre=book&isbn=978-3-030-01279-3
377,Quick Start Guide to VHDL,Brock J. LaMeres,"1st ed.
2019",http://link.springer.com/openurl?genre=book&isbn=978-3-030-04516-6
378,Java in Two Semesters,"Quentin Charatan, Aaron Kans","4th ed.
2019",http://link.springer.com/openurl?genre=book&isbn=978-3-319-99420-8
379,Managing Media and Digital Organizations,Eli M. Noam,"1st ed.
2019",http://link.springer.com/openurl?genre=book&isbn=978-3-319-71288-8
380,Media and Digital Management,Eli M. Noam,"1st ed.
2019",http://link.springer.com/openurl?genre=book&isbn=978-3-319-72000-5
381,"An Anthology of London in Literature, 1558-1914","Geoffrey G. Hiller, Peter L. Groves,
Alan F. Dilnot","1st ed.
2019",http://link.springer.com/openurl?genre=book&isbn=978-3-030-05609-4
382,Astronautics,Ulrich Walter,"3rd ed.
2018",http://link.springer.com/openurl?genre=book&isbn=978-3-319-74373-8
383,Perceptual Organization,Stephen Handel,"1st ed.
2019",http://link.springer.com/openurl?genre=book&isbn=978-3-319-96337-2
384,Research Methods for Social Justice and Equity in Education,"Kamden K. Strunk, Leslie Ann Locke","1st ed.
2019",http://link.springer.com/openurl?genre=book&isbn=978-3-030-05900-2
385,Educational Technology,"Ronghuai Huang, J. Michael Spector,
Junfeng Yang","1st ed.
2019",http://link.springer.com/openurl?genre=book&isbn=978-981-13-6643-7
386,Quick Start Guide to Verilog,Brock J. LaMeres,"1st ed.
2019",http://link.springer.com/openurl?genre=book&isbn=978-3-030-10552-5
387,Spine Surgery,"Bernhard Meyer, Michael
Rauschmann","1st ed.
2019",http://link.springer.com/openurl?genre=book&isbn=978-3-319-98875-7
388,Introduction to Logic Circuits & Logic Design with VHDL,Brock J. LaMeres,"2nd ed.
2019",http://link.springer.com/openurl?genre=book&isbn=978-3-030-12489-2
389,Social Justice Theory and Practice for Social Work,"Lynelle Watts, David Hodgson","1st ed.
2019",http://link.springer.com/openurl?genre=book&isbn=978-981-13-3621-8
390,School Leadership and Educational Change in Singapore,"Benjamin Wong, Salleh Hairon, Pak
Tee Ng","1st ed.
2019",http://link.springer.com/openurl?genre=book&isbn=978-3-319-74746-0
391,Digital Business Models,Bernd W. Wirtz,"1st ed.
2019",http://link.springer.com/openurl?genre=book&isbn=978-3-030-13005-3
392,Introduction to Logic Circuits & Logic Design with Verilog,Brock J. LaMeres,"2nd ed.
2019",http://link.springer.com/openurl?genre=book&isbn=978-3-030-13605-5
393,Pharmaceutical Biotechnology,"Daan J. A. Crommelin, Robert D.
Sindelar, Bernd Meibohm","5th ed.
2019",http://link.springer.com/openurl?genre=book&isbn=978-3-030-00710-2
394,Mapping Global Theatre Histories,Mark Pizzato,"1st ed.
2019",http://link.springer.com/openurl?genre=book&isbn=978-3-030-12727-5
395,Social Marketing in Action,"Debra Z. Basil, Gonzalo Diaz-Meneses,
Michael D. Basil","1st ed.
2019",http://link.springer.com/openurl?genre=book&isbn=978-3-030-13020-6
396,Analyzing Qualitative Data with MAXQDA,"Udo Kuckartz, Stefan Rädiker","1st ed.
2019",http://link.springer.com/openurl?genre=book&isbn=978-3-030-15671-8
397,Handbook of Evolutionary Research in Archaeology,Anna Marie Prentiss,"1st ed.
2019",http://link.springer.com/openurl?genre=book&isbn=978-3-030-11117-5
398,Evidence-Based Practice in Clinical Social Work,"James W. Drisko, Melissa D. Grady","2nd ed.
2019",http://link.springer.com/openurl?genre=book&isbn=978-3-030-15224-6
399, Foundations of Behavioral Health,"Bruce Lubotsky Levin, Ardis Hanson"," 1st ed.
2020", http://link.springer.com/openurl?genre=book&isbn=978-3-030-18435-3
400, Social Psychology in Action,"Kai Sassenberg, Michael L.W. Vliek"," 1st ed.
2019", http://link.springer.com/openurl?genre=book&isbn=978-3-030-13788-5
401, Essentials of Business Analytics,"Bhimasankaram Pochiraju, Sridhar Seshadri"," 1st ed.
2019", http://link.springer.com/openurl?genre=book&isbn=978-3-319-68837-4
402, A Course in Rasch Measurement Theory,"David Andrich, Ida Marais"," 1st ed.
2019", http://link.springer.com/openurl?genre=book&isbn=978-981-13-7496-8
403, Multimedia Big Data Computing for IoT Applications,"Sudeep Tanwar, Sudhanshu Tyagi, Neeraj Kumar"," 1st ed.
2020", http://link.springer.com/openurl?genre=book&isbn=978-981-13-8759-3
404, Policing and Minority Communities,"James F. Albrecht, Garth den Heyer, Perry Stanislas"," 1st ed.
2019", http://link.springer.com/openurl?genre=book&isbn=978-3-030-19182-5
405, A Beginners Guide to Python 3 Programming,John Hunt," 1st ed.
2019", http://link.springer.com/openurl?genre=book&isbn=978-3-030-20290-3
406, Advanced Guide to Python 3 Programming,John Hunt," 1st ed.
2019", http://link.springer.com/openurl?genre=book&isbn=978-3-030-25943-3
407, Literature and Medicine,"Ronald Schleifer, Jerry B. Vannatta"," 1st ed.
2019", http://link.springer.com/openurl?genre=book&isbn=978-3-030-19128-3
408, Food Fraud Prevention,John W. Spink," 1st ed.
2019", http://link.springer.com/openurl?genre=book&isbn=978-1-4939-9621-6
